image_id,label
0173241beb1633e9,nothing
02f3a888909fa7d0,correct
07074bd106e55c19,nothing
0bc24867cc06ebb6,nothing
0ef307374d0efc50,correct
0f1ff2eae5a3c919,correct
15328b6de1a77577,nothing
16c8d0a232023cb8,nothing
188aa5e0034f3945,nothing
19f5c53f1ef6768c,correct
1c76a12e613c1df3,correct
1cb33c5b3eafd486,nothing
1fe4f3b33573cf79,nothing
246a0e4264a39433,nothing
25883211f830e4c9,correct
2a3e44107826e876,nothing
2dfb0cd7ac014fc1,nothing
2e8a83cfb1afe7ba,nothing
2eee97a5faae44d0,nothing
342f8a76e32c1297,nothing
377fe9c5109dd72c,nothing
3c61d3599b621d1f,nothing
3ec724375056fed7,nothing
42ffc037f379a1d3,correct
46a0cd25a1f06d65,nothing
496d476360a82865,nothing
4b3aba5dfb7a0492,nothing
4c6c7b92b6213f59,nothing
50c532b8fc3c8d01,nothing
50c7b63d8e6fa9ba,nothing
55709f00b158ee38,nothing
59a3d81898663feb,nothing
5a956a5c6b517601,nothing
5c32020fb6f896c0,nothing
5c69fa8f2af309ab,nothing
5f35130b3d0e988a,nothing
647ff22cf6950211,nothing
68aae543ea6fccad,nothing
69e8dc2d99fe5bc1,correct
6b03453a0561b8bf,nothing
6b9b9ba4d7e4173a,nothing
741518caaf3bcbc1,nothing
749b4451492fc250,nothing
772dd24cae083cd0,nothing
7cc08ffdbac357c1,drop
7dbe5b1ae29e7983,drop
81ff99f3f7f1be9f,nothing
8408424dae2d7f4a,nothing
853db3ecad5ee768,nothing
8cac5e7e744d570b,nothing
930d9ff5d46b1269,nothing
932eef14e5ee78b2,nothing
98446db70cf10bda,drop
9d13634a0b51d56e,nothing
9e0d20b6184e1da5,nothing
a50c1e4bea745d6b,nothing
a7d23d18c22afa38,nothing
a8e1f123462f278a,nothing
aa72b894ee823df8,nothing
ab18b23ced0e9411,correct
af757195968fcade,nothing
b100c522db2d030d,nothing
b19b0ed41580dafd,nothing
b4c2dc20a767b75d,nothing
b7754acd42fdd8a6,nothing
b810effde85dbb32,nothing
b94993a2d67b455e,nothing
bb09dda759bf5f42,nothing
bd24922f1aff6df7,nothing
c0956222b572b19e,nothing
c3d34fc865c14178,nothing
c8dd79406a936789,nothing
ca8ea3ff453bd74b,drop
cc687f4313e3fa71,nothing
cee8149e2f125ded,nothing
d0e398ed03a21739,nothing
d179910533756d52,nothing
d213ece8466847a6,nothing
d44c949a2e41e235,nothing
d9032b832491e0f3,nothing
deaa0a53a0435084,nothing
df7c076ae9d89bbf,nothing
e2f2a77011a52689,drop
e5c67a5fb7c58b74,nothing
eb13c121a0995f2a,nothing
efde2a25c1c9c924,nothing
efec755800aeed4c,nothing
f5fda4d654b833f6,nothing
f9aedf7c8e3b586b,drop
fa7294ff486dc283,nothing
fa897478280a2758,nothing
fbc149f1360df342,nothing
fce8194fab48c500,nothing
fe27ce461d0c2f2c,unsure
fee1eec3d9515c12,nothing
039beb511fd1e7f7,correct
0d0719cfd8e417b7,correct
0f36e5a806cffa1a,correct
11f80fda2c38011c,correct
1203f70f16f36d18,correct
1430bdaa35b7fbb6,correct
14a04785175a312c,correct
19822f5f6db7de1f,correct
20754bdec19ac6e1,correct
214f355fcd5f4a91,correct
217a79d30eb9e89a,correct
28e26a4eb646c67a,correct
29e6f784388bb2e9,correct
2eeec709f51ecd0d,correct
3306bc374696e203,correct
3695e224e626d444,correct
37a01d37850c3df3,correct
399eb56dbffa49a2,correct
3a2c78c96e08f5f4,correct
3e2306f2cf4b2c67,correct
4022308193f73760,correct
4027b103c11f03c5,correct
426ef0a291c7f843,correct
47826d736bad6e67,correct
4c40d7e310fa9d21,correct
5117eab116392c51,correct
5185dcc8fbb1641b,correct
53f1101f35de7efa,correct
5ad0bacd174019cb,correct
5f65d9fe040855b5,correct
64fe2faade1a1e6c,correct
66a32cf3e2fc524e,correct
6a6dadb83f1298ba,correct
6bab709b1b7b49ff,correct
790cf23cc5bbdf9e,correct
7d6b65618e74f496,correct
7e88944e5a0c1cdc,correct
838de5e8518cde16,correct
8545bd276f287ca7,correct
859dfc18978e1bf3,correct
8cab7c2f0b4e13e6,correct
8d1e53413cd9c13f,correct
8d6097473203d652,correct
8f28c2c23a4f63b6,correct
8f2e423a486c893b,correct
90a58c6c6379337c,correct
90d897807f1416d4,correct
95a2301dfa7e1c94,correct
98d5640bd8b7ac4c,correct
9abeed7d14b78323,correct
9b17c9a1c87de744,correct
9bf02cc9cf9f8f97,correct
9cd50c9012e9b324,correct
9fdf829563c0f284,correct
a1050e384e51e229,correct
a1c025399898eebd,correct
a1dd4eb01f30e61b,correct
a2cf714ac833bbc0,correct
a2e2c091e710b1a2,correct
a5dc9b8e19130d1e,correct
b1cae8a8600781c6,correct
b5be42aef68ebf08,correct
b7a57b5acaced15c,correct
bc2a6081aaebafbb,correct
bddbc90ab03ee834,correct
c1ac7bc9ec634013,correct
c4c46ca2ec6e1cc5,correct
c794f43f106b2508,correct
c7d70fd32f33ed8d,correct
c7df5232291486a3,correct
c8fe91568b2bcda7,correct
cb104afb886ce6d7,correct
cc914f54569bbcc7,correct
d1ebcf19d8de4799,correct
d39cf578fcdcc58a,correct
d52823dcd422317b,correct
d58b1b738c6fea6f,correct
dbe8e2cbfcd9c8f3,correct
de046443b2e3ff24,correct
e13a9cb8305a87b3,correct
e3d1cf39905a683e,correct
e413b37d89b07f1d,correct
ef3d8c9f559e2a6f,correct
f04b1b8d0d4abb46,correct
f409699c1efaf59c,correct
fb87e3d8d7d99885,correct
fea5f652c7bb7ef3,correct
